{"schemaVersion":"1.0","appDefinitionTemplate":{"id":"/providers/Microsoft.PowerApps/apps/","type":"Microsoft.PowerApps/apps","tags":{"primaryDeviceWidth":"1136","primaryDeviceHeight":"640","supportsPortrait":"true","supportsLandscape":"true","primaryFormFactor":"Phone","showStatusBar":"false","publisherVersion":"3.25043.12","minimumRequiredApiVersion":"2.2.0","hasComponent":"true","hasUnlockedComponent":"true","isUnifiedRootApp":"false","coauthoringEnabled":"true","multipleWritersEnabled":"true","acceptedCoauthoringTerms":"true","sienaVersion":"20250508T142846Z-3.25043.12.0"},"properties":{"appVersion":"2025-05-08T14:28:46Z","lifeCycleId":"Published","createdByClientVersion":{"major":3,"minor":25043,"build":12,"revision":0,"majorRevision":0,"minorRevision":0},"minClientVersion":{"major":3,"minor":25043,"build":12,"revision":0,"majorRevision":0,"minorRevision":0},"backgroundColor":"rgba(142, 140, 216, 1)","backgroundImageUri":"/1521115192474909697/Nc28dab87-bed7-49a4-9738-eab49bc15fcc-logoSmallFile","displayName":"509 Desk Booking V3 Recurring","description":"added filter control for weeks and pdf","commitMessage":"","appUris":{"documentUri":{"value":"/1521115192474909697/N3ed15d3b-4c2c-42e6-808e-00ae1c093ffc-document.msapp"},"imageUris":[],"additionalUris":[{"isSolutionAware":false,"value":"/1521115192474909697/Ne6e28d77-0446-495c-9b64-f15397de8d66-identity.json"}]},"createdTime":"0001-01-01T00:00:00Z","lastModifiedTime":"0001-01-01T00:00:00Z","sharedGroupsCount":0,"sharedUsersCount":0,"connectionReferences":{"64852b16-4509-4d34-be4c-adfa1f496b3a":{"id":"791b1887-0bbf-4c9a-93c9-c5facca2d2ba","displayName":"Office 365 Users","iconUri":"https://connectorsiconsfairfax.z5.web.core.usgovcloudapi.net/releases/v1.0.1746/1.0.1746.4174/office365users/icon.png","dataSources":["Office365Users"],"dependencies":[],"dependents":[],"parameterHints":{},"parameterHintsV2":{},"isOnPremiseConnection":false,"bypassConsent":false,"dataSets":{},"apiTier":"Standard","isCustomApiConnection":false,"actions":["SearchUser"]},"53a5fcc1-732a-4b48-86ac-e8017ff78b5e":{"id":"f2da7bcf-890c-4539-ac3e-2e1d977ffa87","displayName":"Office 365 Outlook","iconUri":"https://connectorsiconsfairfax.z5.web.core.usgovcloudapi.net/releases/v1.0.1747/1.0.1748.4181/office365/icon.png","dataSources":["Office365Outlook"],"dependencies":[],"dependents":[],"parameterHints":{},"parameterHintsV2":{},"isOnPremiseConnection":false,"bypassConsent":false,"dataSets":{},"apiTier":"Standard","isCustomApiConnection":false,"actions":["CalendarGetTables","V3CalendarPostItem","V2CalendarPostItem","FindMeetingTimes","GetRoomLists","GetRooms","GetRoomsInRoomList"]},"d53500f4-8486-46b0-a052-f3934cc3f205":{"id":"7d6959bc-069b-4b67-9f64-a3f2372f22dd","displayName":"Office 365 Groups Mail","iconUri":"https://conn-afd-prod-endpoint-bmc9bqahasf3grgk.b01.azurefd.net/releases/v1.0.1735/1.0.1735.4103/office365groupsmail/icon.png","dataSources":["Office365GroupsMail"],"dependencies":[],"dependents":[],"parameterHints":{},"parameterHintsV2":{},"isOnPremiseConnection":false,"bypassConsent":false,"dataSets":{},"apiTier":"Standard","isCustomApiConnection":false},"5494ea9f-1605-4b8f-9386-05982632f4dd":{"id":"b7a19980-d1d5-4e59-958e-7a830009aab3","displayName":"SharePoint","iconUri":"https://conn-afd-prod-endpoint-bmc9bqahasf3grgk.b01.azurefd.net/releases/v1.0.1732/1.0.1732.4070/sharepointonline/icon.png","dataSources":["DeskAccessControl","Desks","Desk Reservations"],"dependencies":[],"dependents":[],"parameterHints":{},"parameterHintsV2":{},"isOnPremiseConnection":false,"bypassConsent":false,"dataSets":{"https://dvagov.sharepoint.com/sites/vhaaughub":{"dataSources":{"DeskAccessControl":{"tableName":"a4c23e42-85a4-4cab-a43a-609abf312409"},"Desks":{"tableName":"76f5b160-b96b-4420-b30e-85394b52c985"},"Desk Reservations":{"tableName":"21c7187d-e99a-47c7-ba0a-1dad368494cc"}}}},"apiTier":"Standard","isCustomApiConnection":false,"actions":["providers/PowerPlatform.Governance/Operations/Read","providers/PowerPlatform.Governance/Operations/Write","providers/PowerPlatform.Governance/Operations/Delete"]}},"databaseReferences":{},"almMode":"Environment","performanceOptimizationEnabled":false,"canConsumeAppPass":false,"enableModernRuntimeMode":false,"executionRestrictions":{"isTeamsOnly":false,"dataLossPreventionEvaluationResult":{"status":"Compliant","lastEvaluationDate":"2024-11-21T18:44:49.634937Z","violations":[],"violationsByPolicy":[],"violationErrorMessage":"The app uses the following connectors: shared_office365users, shared_office365, shared_office365groupsmail, shared_sharepointonline."}}},"isAppComponentLibrary":false,"appType":"ClassicCanvasApp","appComponents":[]}}