{"schemaVersion":"1.0","appDefinitionTemplate":{"id":"/providers/Microsoft.PowerApps/apps/","type":"Microsoft.PowerApps/apps","tags":{"primaryDeviceWidth":"1366","primaryDeviceHeight":"768","supportsPortrait":"true","supportsLandscape":"true","primaryFormFactor":"Tablet","publisherVersion":"3.25031.11","minimumRequiredApiVersion":"2.2.0","hasComponent":"false","hasUnlockedComponent":"false","isUnifiedRootApp":"false","sienaVersion":"20250324T130155Z-3.25031.11.0","showStatusBar":"false","offlineLargeFilesSupport":"false"},"properties":{"appVersion":"2025-03-24T13:01:55Z","lifeCycleId":"Published","createdByClientVersion":{"major":3,"minor":25031,"build":11,"revision":0,"majorRevision":0,"minorRevision":0},"minClientVersion":{"major":3,"minor":25031,"build":11,"revision":0,"majorRevision":0,"minorRevision":0},"backgroundColor":"RGBA(0,176,240,1)","backgroundImageUri":"/2527825492670064122/Nb64e4fe5-8689-4836-b810-947af602d355-logoSmallFile","displayName":"509 StaffingHPPD","description":"Updated made with New Engine","commitMessage":"","appUris":{"documentUri":{"value":"/2527825492670064122/N48130c9a-c45c-4906-b64f-0bf66da051bc-document.msapp"},"imageUris":[],"additionalUris":[{"isSolutionAware":false,"value":"/2527825492670064122/N54710436-1faa-40b2-a8f8-448226b3bfd9-identity.json"}]},"createdTime":"0001-01-01T00:00:00Z","lastModifiedTime":"0001-01-01T00:00:00Z","sharedGroupsCount":0,"sharedUsersCount":0,"connectionReferences":{"3442d145-438e-4bf6-a8b4-45659d42ff4c":{"id":"b7a19980-d1d5-4e59-958e-7a830009aab3","displayName":"SharePoint","iconUri":"https://conn-afd-prod-endpoint-bmc9bqahasf3grgk.b01.azurefd.net/releases/v1.0.1732/1.0.1732.4070/sharepointonline/icon.png","dataSources":["STAFFING METHODOLOGY","STAFFING CONTROL #","HPPD 24hr Budget","NODACTUAL24HR","HPPDAppSecuityGroup"],"dependencies":[],"dependents":[],"parameterHints":{},"parameterHintsV2":{},"isOnPremiseConnection":false,"bypassConsent":false,"dataSets":{"https://dvagov.sharepoint.com/sites/vhaaugpcs":{"dataSources":{"STAFFING METHODOLOGY":{"tableName":"809e45a1-5a52-46d2-95f6-fb1cfd754e3f"},"STAFFING CONTROL #":{"tableName":"dea57b7b-6fc0-4c47-aefe-20ef7a5d0309"},"HPPD 24hr Budget":{"tableName":"d4bcae4a-274c-4c4f-8d10-c6565b515e67"},"NODACTUAL24HR":{"tableName":"e3727658-0c3e-4f77-82f0-91bdfe481715"},"HPPDAppSecuityGroup":{"tableName":"b1d1d784-4468-4ddc-96ba-22b6bdf5de1f"}}}},"apiTier":"Standard","isCustomApiConnection":false,"actions":["providers/PowerPlatform.Governance/Operations/Read","providers/PowerPlatform.Governance/Operations/Write","providers/PowerPlatform.Governance/Operations/Delete"]},"fdb61adb-2561-4cdb-9541-3316d98c950e":{"id":"f2da7bcf-890c-4539-ac3e-2e1d977ffa87","displayName":"Office 365 Outlook","iconUri":"https://conn-afd-prod-endpoint-bmc9bqahasf3grgk.b01.azurefd.net/releases/v1.0.1722/1.0.1722.3975/office365/icon.png","dataSources":["Office365Outlook"],"dependencies":[],"dependents":[],"parameterHints":{},"parameterHintsV2":{},"isOnPremiseConnection":false,"bypassConsent":false,"dataSets":{},"apiTier":"Standard","isCustomApiConnection":false},"cd62e8e8-f4a3-499e-873d-6bc0b0face0c":{"id":"791b1887-0bbf-4c9a-93c9-c5facca2d2ba","displayName":"Office 365 Users","iconUri":"https://conn-afd-prod-endpoint-bmc9bqahasf3grgk.b01.azurefd.net/releases/v1.0.1735/1.0.1735.4103/office365users/icon.png","dataSources":["Office365Users"],"dependencies":[],"dependents":[],"parameterHints":{},"parameterHintsV2":{},"isOnPremiseConnection":false,"bypassConsent":false,"dataSets":{},"apiTier":"Standard","isCustomApiConnection":false}},"authorizationReferences":[{"resourceId":"powerbi"}],"databaseReferences":{},"almMode":"Environment","performanceOptimizationEnabled":true,"canConsumeAppPass":true,"enableModernRuntimeMode":false,"executionRestrictions":{"isTeamsOnly":false,"dataLossPreventionEvaluationResult":{"status":"Compliant","lastEvaluationDate":"2023-06-27T20:03:33.9818716Z","violations":[],"violationsByPolicy":[],"violationErrorMessage":"The app uses the following connectors: shared_sharepointonline."}}},"isAppComponentLibrary":false,"appType":"ClassicCanvasApp","appComponents":[]}}