{"schemaVersion":"1.0","appDefinitionTemplate":{"id":"/providers/Microsoft.PowerApps/apps/","type":"Microsoft.PowerApps/apps","tags":{"primaryDeviceWidth":"1366","primaryDeviceHeight":"768","supportsPortrait":"true","supportsLandscape":"true","primaryFormFactor":"Tablet","showStatusBar":"false","publisherVersion":"3.24123.12","minimumRequiredApiVersion":"2.2.0","hasComponent":"false","hasUnlockedComponent":"false","isUnifiedRootApp":"false","sienaVersion":"20250117T203527Z-3.24123.12.0"},"properties":{"appVersion":"2025-01-17T20:35:27Z","lifeCycleId":"Published","createdByClientVersion":{"major":3,"minor":24123,"build":12,"revision":0,"majorRevision":0,"minorRevision":0},"minClientVersion":{"major":3,"minor":24123,"build":12,"revision":0,"majorRevision":0,"minorRevision":0},"backgroundColor":"RGBA(0,176,240,1)","backgroundImageUri":"/15461559605324100731/Nfb745b26-607f-43c2-bdc3-99110171f906-logoSmallFile","displayName":"509 Acuity Staffing - copy","description":"Everything is working need to DEMO to requestor","commitMessage":"","appUris":{"documentUri":{"value":"/15461559605324100731/N5f8406f4-9b8f-495e-b5a7-cbe2d034caa9-document.msapp"},"imageUris":[],"additionalUris":[{"isSolutionAware":false,"value":"/15461559605324100731/N7e83951f-d050-4af2-bc26-ca32493cfd97-identity.json"}]},"createdTime":"0001-01-01T00:00:00Z","lastModifiedTime":"0001-01-01T00:00:00Z","sharedGroupsCount":0,"sharedUsersCount":0,"connectionReferences":{"45f9c6e2-668d-4bff-b257-a4abe1f86056":{"id":"b7a19980-d1d5-4e59-958e-7a830009aab3","displayName":"SharePoint","iconUri":"https://conn-afd-prod-endpoint-bmc9bqahasf3grgk.b01.azurefd.net/releases/v1.0.1723/1.0.1723.3986/sharepointonline/icon.png","dataSources":["AcuityStaffing","TaskTimeTable","STAFFING METHODOLOGY","STAFFING CONTROL #"],"dependencies":[],"dependents":[],"parameterHints":{},"parameterHintsV2":{},"isOnPremiseConnection":false,"bypassConsent":false,"dataSets":{"https://dvagov.sharepoint.com/sites/vavhaaugnursingsci":{"dataSources":{"AcuityStaffing":{"tableName":"fb12e51a-e84f-4c49-9cce-cb538bc52e86"},"TaskTimeTable":{"tableName":"7f1d86c5-61d4-40cd-8a69-6e88d51956b8"}}},"https://dvagov.sharepoint.com/sites/vhaaugpcs":{"dataSources":{"STAFFING METHODOLOGY":{"tableName":"809e45a1-5a52-46d2-95f6-fb1cfd754e3f"},"STAFFING CONTROL #":{"tableName":"dea57b7b-6fc0-4c47-aefe-20ef7a5d0309"}}}},"apiTier":"Standard","isCustomApiConnection":false,"actions":["providers/PowerPlatform.Governance/Operations/Read","providers/PowerPlatform.Governance/Operations/Write"]}},"databaseReferences":{},"almMode":"Environment","performanceOptimizationEnabled":false,"canConsumeAppPass":false,"enableModernRuntimeMode":false,"executionRestrictions":{"isTeamsOnly":false,"dataLossPreventionEvaluationResult":{"status":"Compliant","lastEvaluationDate":"2025-01-17T20:35:29.503617Z","violations":[],"violationsByPolicy":[],"violationErrorMessage":"The app uses the following connectors: shared_sharepointonline."}}},"isAppComponentLibrary":false,"appType":"ClassicCanvasApp","appComponents":[]}}